model,split,rmse,rmse_liquid,rmse_illiquid,mae,call_rmse,call_oob_pct,call_oob_spread_mean,n_rows,butterfly_pct,calendar_pct
bspline_data,extrap_10,0.09048814355065443,0.06233295028647529,0.10921946971987308,0.056206625729667524,0.012311242823115187,90.6635305446572,17.614507445673972,100,1.0128944437772942,8.206917476918376
bspline_data,extrap_100,0.020233096108328224,0.010381273298050296,0.02591518137136907,0.011054520540180458,0.003548794679608598,67.44711860657284,5.682624070243521,100,0.7385374359835454,0.625824659460955
bspline_data,extrap_2,0.12600602853048765,0.0941928058624712,0.1482157006398394,0.08984719062963592,0.017865397097270513,95.89181029715081,28.43908718996133,100,1.6396673145628489,1.2892984169296584
bspline_data,extrap_20,0.06705484054068322,0.04368763135750588,0.08213491192258623,0.03680675170652038,0.008932447709023813,84.99183437111644,11.820535079770902,100,0.7746511663708259,7.255758342467953
bspline_data,extrap_300,0.01723697707206687,0.008907281398802267,0.022055534155310322,0.009649597044718098,0.0035033971066353695,64.17078201349443,5.554950843041426,100,0.7961347554221703,0.3169218242771608
bspline_data,extrap_5,0.1069087289808896,0.076011455021857,0.12784018911728237,0.07176108927498226,0.014749076944216925,93.68351193613242,22.49622262350093,100,1.293535432903617,5.346521224261226
bspline_data,extrap_50,0.03238676373408408,0.017910470988715715,0.04101134337546869,0.016114937547195715,0.004492297034424296,73.60842718926692,6.57968851542093,100,0.71472773954059,1.8910185261602035
bspline_data,extrap_500,0.017236977072066964,0.008907281398802267,0.022055534155310464,0.009649597044718187,0.0035033971066353977,64.17078201349443,5.554950843041432,100,0.7961347554221703,0.3169218242771608
bspline_data,unif_10,0.09358049386933802,0.0750332854685982,0.10712706018357662,0.06098991280660773,0.013632137433995358,91.19348311243843,20.181215879332314,100,0.9633338355549936,11.35866554553892
bspline_data,unif_100,0.01584199612064602,0.014588558645825216,0.016856165603922706,0.006200955263810559,0.0010302150955779814,49.44206958026716,2.6810147251908627,100,0.3941298649761589,1.087298136859494
bspline_data,unif_2,0.12093938658776225,0.09682615694620314,0.13853374684901998,0.0884624247940512,0.01792545773162198,96.12864606715986,28.856751545675266,100,1.4721394039305429,1.0615064676523682
bspline_data,unif_20,0.07492364379324916,0.06040815768912457,0.0855652640408746,0.04316763449803713,0.010051496871264774,84.21138243121027,15.098986025520706,100,0.6756477674904017,13.885518218002582
bspline_data,unif_300,0.008568494643467624,0.00916377186667933,0.008015111571366584,0.0038639062182947055,0.0004732248429031933,40.624166357609,1.871129501790513,100,0.353254818243178,0.3080756881398696
bspline_data,unif_5,0.10784880477661106,0.08578138801149343,0.12387999936471622,0.07431707654358459,0.015444297009042976,94.12074720384142,24.430972269929445,100,1.1801443148489503,5.977208022147129
bspline_data,unif_50,0.0391752219699546,0.03235611133737564,0.044258057677138266,0.01583827037803368,0.0041576275504526545,64.29668234727671,5.664054454622925,100,0.42226687816063596,4.9105786215680505
bspline_data,unif_500,0.008023704882532262,0.008787237386685555,0.00729523393499114,0.0037265660947888727,0.00046310265131316644,39.845991684722144,1.8178811873417873,100,0.3433866852020411,0.2797321236124208
bspline_learned_graph_interp,extrap_10,0.0725643878004091,0.05739126791315082,0.08354584643251083,0.04362487753742508,0.006552807775537392,93.48116049527304,13.291658511998872,100,0.36338701713001853,0.11624831420119523
bspline_learned_graph_interp,extrap_100,0.04995261757428685,0.028656440006440437,0.06285465989439112,0.026507852692144708,0.005219368373793983,88.42432641694808,7.109254591314262,100,0.8456427932263619,0.007998772769269446
bspline_learned_graph_interp,extrap_2,0.07897880199078439,0.06882333723906785,0.08684828811875346,0.04859858912212632,0.007336663186582827,94.0804070452135,13.954627864482928,100,0.3182252604694788,0.07552677406166958
bspline_learned_graph_interp,extrap_20,0.06681892753261776,0.04834787040432931,0.07946200112308222,0.038732692374159314,0.0060208542703999255,92.63987299356509,11.059694577337098,100,0.45732501919327,0.0570914288352858
bspline_learned_graph_interp,extrap_300,0.04603682972476911,0.024211917630506567,0.05875657640182067,0.02373257481337106,0.005076390430337379,86.36242379288582,6.547640717911198,100,0.9427813729364689,0.014008397820051104
bspline_learned_graph_interp,extrap_5,0.07669990593727646,0.06314752299695343,0.08677918059490272,0.04707865047619004,0.006993018197970319,93.89464712120916,14.245163545794249,100,0.27040844181284784,0.09015076655977516
bspline_learned_graph_interp,extrap_50,0.05689631014444018,0.035920759216369946,0.07021269226625264,0.031214451125807296,0.0054628924584818415,90.5457633073725,8.142217499217294,100,0.6543284961959435,0.009503897944720056
bspline_learned_graph_interp,extrap_500,0.04603682972476914,0.024211917630506567,0.05875657640182073,0.023732574813371057,0.005076390430337386,86.36242379288582,6.547640717911194,100,0.9427813729364689,0.014008397820051104
bspline_learned_graph_interp,unif_10,0.07062985383774037,0.06899026066722354,0.07202499732648997,0.045505732154517,0.00626929028192521,93.2836889123122,18.99487494669672,100,0.32049832464801425,0.5495748013263195
bspline_learned_graph_interp,unif_100,0.03617487343657138,0.03504014062124425,0.03713324612836894,0.01999312477408225,0.0027799135964794827,85.20719876637192,5.3951636555727385,100,0.4032909581921059,0.03473244824936844
bspline_learned_graph_interp,unif_2,0.07537879188949613,0.06937166349533941,0.08023676572001918,0.04822912492185898,0.007282669359232598,93.94539764335396,18.49112866420477,100,0.292451128217259,0.20627343767116524
bspline_learned_graph_interp,unif_20,0.06339157230698378,0.05884693763451477,0.06709299933342758,0.0390887409360864,0.0051603163096528406,91.96222339338811,15.387916819783875,100,0.46280828728909357,0.4356175726309256
bspline_learned_graph_interp,unif_300,0.02471153654898954,0.024600708384846508,0.02480748857699968,0.012947052969440301,0.0017454083644029993,77.48401033228579,3.562241402200442,100,0.33058210183456,0.035221567009216775
bspline_learned_graph_interp,unif_5,0.07444514904724796,0.07190357472424223,0.07658629226664661,0.048230632402317765,0.00715444511970949,93.82795572992914,20.63458447292328,100,0.23335997831462632,0.4654212474099546
bspline_learned_graph_interp,unif_50,0.048491457031973016,0.0450609089647792,0.05128785582889713,0.027798151831420526,0.003674569031631393,89.09286694904777,8.453277456813499,100,0.532317386099178,0.18343003538266323
bspline_learned_graph_interp,unif_500,0.023045728170703987,0.023126037827894,0.022975678564288546,0.01186092403333374,0.001591160200018037,75.36192279414156,3.3081493661138914,100,0.3325511387539107,0.0313162322961381
bspline_temporal_interp,extrap_10,0.07445464730901392,0.04801277003245716,0.0914267797705462,0.0438710944708533,0.008025018758285514,92.87768473515385,15.50895197889415,100,0.7373517750561956,0.17993764618868466
bspline_temporal_interp,extrap_100,0.05297910328542893,0.01671780220170624,0.0707391616711237,0.025583531819268947,0.006207419034607566,84.38608134397793,9.425353841680998,100,1.505897252497988,0.01912678685567498
bspline_temporal_interp,extrap_2,0.08540498562896638,0.0692830613794093,0.09727378743126593,0.05361232308930539,0.009931393725510327,94.22842940146916,19.684236178465557,100,0.6210241521083107,0.11953250976734531
bspline_temporal_interp,extrap_20,0.06832271976995229,0.03836688499778137,0.08629360675429401,0.038005938806583,0.007251931756856183,91.39290663855869,12.645844602826685,100,0.9731593286459271,0.12941057357957575
bspline_temporal_interp,extrap_300,0.050077044291039624,0.01268150665192127,0.067439634350213,0.02316383027982093,0.006005226893764565,81.17643614217954,8.834184075490255,100,1.5786275570298052,0.015781015618483468
bspline_temporal_interp,extrap_5,0.08035086621444114,0.0587187224769747,0.09524574366008826,0.048963151392812175,0.0088382948246194,93.64512372066392,17.11008564874875,100,0.676880541637546,0.09898726897598004
bspline_temporal_interp,extrap_50,0.058118448736505054,0.02372976769553883,0.07632052322527491,0.029720464585008148,0.00657054014919769,87.91194133760158,10.06832792097823,100,1.2941307062778575,0.023282370384105876
bspline_temporal_interp,extrap_500,0.050077044291039624,0.01268150665192127,0.06743963435021298,0.02316383027982093,0.006005226893764566,81.17643614217954,8.834184075490255,100,1.5786275570298052,0.015781015618483468
bspline_temporal_interp,unif_10,0.06497639303807874,0.05784122524117085,0.07059611168756191,0.04030899000860168,0.005698956350017162,92.48924804643022,17.160552820548137,100,0.5883534367837684,0.6177940860414493
bspline_temporal_interp,unif_100,0.02556643387475781,0.02137507073261997,0.028717532896614686,0.01301554929696423,0.0016222072158074946,78.24656945989733,4.0486768423372155,100,0.46527320647195664,0.08310881893015587
bspline_temporal_interp,unif_2,0.08069905642253808,0.073123942314471,0.08674900468435486,0.05225754663995291,0.00914584521879982,94.4633132283188,22.11692481221923,100,0.6139979514236491,0.2710157759916136
bspline_temporal_interp,unif_20,0.05521923417506375,0.048506022391646995,0.06045291682669945,0.03233872655620951,0.0041385542357818845,90.35024366757106,13.429299767806668,100,0.5783199136399955,0.7416528317082186
bspline_temporal_interp,unif_300,0.01410837856450291,0.012565020749677696,0.0153243834079376,0.007067797016266496,0.0008751717644525979,64.94245020918324,2.3736457282892287,100,0.37283251302649106,0.03867871508958789
bspline_temporal_interp,unif_5,0.07275439155458407,0.06654993006862218,0.07774724469792989,0.04691505069239771,0.007572142854406281,93.71181511194393,21.036925192610447,100,0.5229388524139209,0.44793001322443077
bspline_temporal_interp,unif_50,0.03687238582552265,0.03148596105380877,0.04098406193427744,0.01976641196287342,0.0024679573719127495,84.61478401748941,6.8273514757422555,100,0.5178789128383505,0.3017681488095009
bspline_temporal_interp,unif_500,0.012370620892072241,0.011340687706322095,0.013200909696901712,0.006228895916591046,0.0007648017002958793,61.627725400636336,2.1705946446388134,100,0.3681184158880647,0.04057974677694214
cnp,extrap_10,0.04327156180257946,0.042310527884234804,0.04409006843646699,0.031018552058001615,0.007643941131284445,92.12195740860027,10.494747254523725,100,16.42710634114613,0.1365350308687925
cnp,extrap_100,0.04151610408328241,0.03995763351159783,0.04282497976633889,0.029503766573976166,0.007480318611522573,91.75271482761089,9.728817910438064,100,16.196772886804368,0.12347857711580681
cnp,extrap_2,0.049753123952779796,0.0517114376686534,0.04798565799573818,0.035739922668076435,0.00823725695231218,92.99837988717769,12.903475019228223,100,18.189996653374852,0.25500039219532433
cnp,extrap_20,0.04207822216418322,0.04080153161180763,0.04315750128660305,0.02993377287383869,0.007494728205163666,91.92904035967805,9.984121238645457,100,16.42959930270522,0.12246357031652101
cnp,extrap_300,0.04186918936533507,0.03996728249577275,0.04345512181391332,0.029717584923351362,0.007608070347962743,91.84120291750438,9.654963618771445,100,16.282907728211857,0.11749633744803425
cnp,extrap_5,0.0443019709638112,0.04400217277957027,0.044560977482152334,0.031903126413413585,0.007741103376249172,92.32983935507798,11.165001702301202,100,17.16718133800633,0.1690174630530277
cnp,extrap_50,0.04168018378701364,0.04022218920879284,0.042907528191967526,0.029555833156234678,0.007488347948596851,91.78264462272192,9.76213519088696,100,16.17203681859586,0.11319449023048238
cnp,extrap_500,0.04186918940573521,0.039967282492752956,0.04345512188909585,0.029717584997860563,0.007608070353085681,91.84120291750438,9.654963623497377,100,16.282907728211857,0.11749633744803425
cnp,unif_10,0.041014549216977794,0.04351571485923464,0.03870891805854518,0.02990196664478577,0.007621825409017576,92.22215715745024,9.96527273886185,100,16.75391156902327,0.2037732736027463
cnp,unif_100,0.03767059857485512,0.03886281721752668,0.03660253628441712,0.02754407436419398,0.007465706323329436,91.93099230283748,8.8448295502785,100,15.930562033183783,0.14537514641432797
cnp,unif_2,0.051836778394566504,0.05813716792646674,0.04565808253831924,0.037112842392629575,0.008386285629457584,93.04392522756405,13.67071156692607,100,19.118190168501922,0.3917346336354573
cnp,unif_20,0.038977185550359436,0.04064001815601013,0.037471597331976705,0.028487931831735657,0.007519319009976984,92.13139180053743,9.285480824108252,100,16.397328796126843,0.16010894194649505
cnp,unif_300,0.037420101935222966,0.03846975353752081,0.03648299840968885,0.027399632798964013,0.007448534729369554,91.94986108671182,8.740121685203137,100,15.88825823637538,0.14732811502138066
cnp,unif_5,0.04486639603775287,0.0490202392253266,0.040913745254259296,0.032385882238299774,0.007868405264732928,92.68118912377271,11.141728643350012,100,17.562054453325352,0.24094333758186492
cnp,unif_50,0.038203765545673445,0.03981513970261355,0.036745453492324553,0.0279727036854056,0.007461783389776938,92.11252301666309,8.983927854443685,100,15.940665142621565,0.158756824289528
cnp,unif_500,0.03761253258951453,0.0388979225062937,0.03645820159833885,0.02756588856440757,0.007459954575856392,92.0484342162623,8.766757826437011,100,16.01359919393276,0.15917089952247912
cnp_nox,extrap_10,0.0513675309094728,0.04840842537632248,0.05380810797155856,0.035594944707290584,0.0069476499049650284,92.85393609338097,16.266418803605916,100,16.713472354290854,0.10497215626915787
cnp_nox,extrap_100,0.048652564709626554,0.04497444781941828,0.05163786839583818,0.03336552378730982,0.006336545009048336,92.46061954675879,14.529704520365241,100,16.626238856703413,0.0817852822549131
cnp_nox,extrap_2,0.058279163173682626,0.0572513627754297,0.05915822712602789,0.04122275107551407,0.008260204244086642,93.72743065721926,19.409361745618998,100,16.964068473963447,0.19681124253699217
cnp_nox,extrap_20,0.04946619976183064,0.046206969397780226,0.05213447099311655,0.03396547490313288,0.006484158643292313,92.48339221695197,14.819893739198397,100,16.712470805872602,0.08571231972225979
cnp_nox,extrap_300,0.04853229813885813,0.04479197077327198,0.051564142530443925,0.03324667593427425,0.006328060745195731,92.459968899039,14.453823739240349,100,16.570133907438873,0.08067875404897577
cnp_nox,extrap_5,0.053179962426209336,0.050880626261736644,0.05510109611065417,0.036931375906300995,0.0071691148397391566,93.11940036306143,16.453354063490682,100,16.65431261587127,0.11386747605028974
cnp_nox,extrap_50,0.04899033998867453,0.04543925844118037,0.05188051678389178,0.033697723283462364,0.00644997306160687,92.60050880651688,14.607369832913536,100,16.61831086229137,0.07931948171640164
cnp_nox,extrap_500,0.04853229819258109,0.04479197076524538,0.05156414263103063,0.03324667598721117,0.006328060772897799,92.4602942228989,14.453772931580144,100,16.57046059806285,0.08067875404897577
cnp_nox,unif_10,0.051134491374112793,0.05034994427649247,0.05180692535370815,0.03534575726864285,0.006713951916893421,92.8715035818157,15.2610088431288,100,16.628806527924663,0.14402244097406697
cnp_nox,unif_100,0.047277605494400174,0.04583155686181069,0.04849978125594538,0.03255461128203099,0.0061971186859658784,92.4352442856864,14.207682717887751,100,16.470470114812525,0.11437165321126574
cnp_nox,unif_2,0.060893316350050686,0.06231607910860714,0.05962878102581991,0.04315861722360299,0.008215962854148936,93.94181908089503,19.545134157142524,100,16.8863841146688,0.267219181572249
cnp_nox,unif_20,0.048758367552337256,0.04775589324776786,0.04961346440936284,0.033764985468922044,0.006451622806144426,92.65711515813993,15.164292346153072,100,16.604596929001218,0.13385037023279178
cnp_nox,unif_300,0.046929339038529846,0.04537459284624266,0.04824033827052435,0.03223106953388595,0.006137729473911117,92.33797245157554,14.135188554331771,100,16.404584467918934,0.11572248120311218
cnp_nox,unif_5,0.053811716085388164,0.053775929830062894,0.05384280944866861,0.037792169932549496,0.007263909932126201,93.21081636769404,16.849392231646263,100,16.828121765767527,0.17339015128545113
cnp_nox,unif_50,0.047983763137142574,0.04671447695005179,0.04906060628890449,0.033054278750540324,0.00629570255270722,92.4476065923627,14.51916387382425,100,16.439734307299293,0.11588320982493945
cnp_nox,unif_500,0.046884707847334714,0.04531947431671467,0.04820424322135172,0.03220653995795629,0.006139975446111497,92.30446409400558,14.139119112953216,100,16.40393307814375,0.11680180141075897
kalman_ssvi,extrap_10,0.07268942292523008,0.06401324141363729,0.07946643504034857,0.04698992315239842,0.006424678343424105,94.55570520453111,15.170412110178075,100,0.0,0.0
kalman_ssvi,extrap_100,0.06417762352973784,0.053040395566279465,0.07248282146786665,0.03822412539173551,0.004654094207997049,92.93884562081553,13.764619249348735,100,0.0,0.0
kalman_ssvi,extrap_2,0.08598702546401457,0.07636934347570055,0.09354856988185198,0.058616131184992676,0.008618887692999967,96.481947779014,16.2877229925066,100,0.0,0.0
kalman_ssvi,extrap_20,0.06911412622948933,0.05956930080900346,0.07645009216330362,0.043565096100560904,0.005670050082640597,93.73914231617576,14.91596395558405,100,0.0,0.0
kalman_ssvi,extrap_300,0.0630902747095567,0.05167741486336354,0.07154824445812143,0.03692694009414425,0.004449629446512191,92.44435335376367,13.287185227246258,100,0.0,0.0
kalman_ssvi,extrap_5,0.07766089614223078,0.06990433097262805,0.0838232265308823,0.051722031129481,0.007390669672747322,95.36966550200725,15.76762404267338,100,0.0,0.0
kalman_ssvi,extrap_50,0.0657522581880757,0.05516237752720049,0.07373334237979408,0.04007084432516449,0.004981024156171833,93.2713266056359,14.228062258228997,100,0.0,0.0
kalman_ssvi,extrap_500,0.06307875272987216,0.051650708416141534,0.07154601906325982,0.03692219858865683,0.004449858878261635,92.44565464920328,13.2851843238323,100,0.0,0.0
kalman_ssvi,unif_10,0.06740175765280453,0.06870794597297873,0.06624522726083495,0.04017568319717328,0.004282457791239719,90.46182975151764,16.387950554956017,100,0.0,0.0
kalman_ssvi,unif_100,0.06232409865798007,0.05679396632145546,0.06676078866074611,0.03456916014468113,0.0032799212807588826,87.80360849225404,13.630107600826193,100,0.0,0.0
kalman_ssvi,unif_2,0.07520106532241676,0.08059216015857856,0.07017828543487528,0.04703860162217003,0.005439983077078835,93.618121840292,17.195404907146393,100,0.0,0.0
kalman_ssvi,unif_20,0.06557874565550732,0.06319961732453704,0.06757913814456991,0.03832128428628428,0.003925930987812079,89.58898583539914,15.621391721184597,100,0.0,0.0
kalman_ssvi,unif_300,0.05895121627143755,0.05491484752974302,0.062248119749110306,0.03174770407378514,0.002856685596530493,86.54102659197231,11.428808783662419,100,0.0,0.0
kalman_ssvi,unif_5,0.07051402736387732,0.07407920175491367,0.06726106257161052,0.043087183748713,0.00472290054526851,91.80183873045617,17.04320277749749,100,0.0,0.0
kalman_ssvi,unif_50,0.0636850915923101,0.05870701839708617,0.06771630734156452,0.03618142672900847,0.0035622399864584384,88.38789014463899,14.70334667351087,100,0.0,0.0
kalman_ssvi,unif_500,0.05781351733456903,0.054378069209712276,0.06064235750961653,0.03100887946197786,0.0027614506344250966,86.37478609956212,10.857731546286324,100,0.0,0.0
kalman_ssvi_inc,extrap_10,0.04217285008312278,0.045467476227436396,0.03908344807625344,0.024215924670285383,0.0034710047594087197,88.39927647973558,6.1802161870790435,100,0.0,0.0
kalman_ssvi_inc,extrap_100,0.03879275740795175,0.03925649174354678,0.038385032752726526,0.021491354060291665,0.003523408638563339,86.14836069306995,5.208575325630234,100,0.0,0.0
kalman_ssvi_inc,extrap_2,0.046332378531943545,0.05028093602621558,0.04260312767956519,0.026660747485965065,0.00344893646084613,89.26496327093622,6.868374068751092,100,0.0,0.0
kalman_ssvi_inc,extrap_20,0.04129968100637284,0.043439644820743896,0.039344717945321836,0.02336872208734927,0.0036337429872598894,87.82995972490615,5.793101302538267,100,0.0,0.0
kalman_ssvi_inc,extrap_300,0.0384352943497321,0.03833366490334105,0.03852343346037532,0.02117295129369376,0.0035863100641519456,85.8337725205442,5.121918464662799,100,0.0,0.0
kalman_ssvi_inc,extrap_5,0.04436157053486206,0.04769663985420061,0.04124347541583801,0.025557597434750997,0.0036563099838476903,89.11596494310086,6.526748445085109,100,0.0,0.0
kalman_ssvi_inc,extrap_50,0.039584601688038984,0.04098162798713395,0.03832866561040957,0.02209521008955554,0.003589009651426084,86.6802652040106,5.374306690811552,100,0.0,0.0
kalman_ssvi_inc,extrap_500,0.03856455146516657,0.03843648350040971,0.03867554957113033,0.021200361945707766,0.00357401286870216,85.79017912331726,5.113821602656164,100,0.0,0.0
kalman_ssvi_inc,unif_10,0.04644321728569058,0.051181362410223794,0.041890591985409266,0.02473111918050546,0.0023993888847265005,84.82201531624733,6.445265241974382,100,0.0,0.0
kalman_ssvi_inc,unif_100,0.045490105307435164,0.04909192223186557,0.04210905492579909,0.023597581225517368,0.0021625882612855444,82.78060809535893,6.081199578446289,100,0.0,0.0
kalman_ssvi_inc,unif_2,0.049673479729664904,0.054769105606944944,0.04477452184392041,0.027416000873948947,0.0028717927874428494,87.4652716779554,7.309733414777246,100,0.0,0.0
kalman_ssvi_inc,unif_20,0.04669951553633611,0.05100163419441659,0.04260769215801275,0.02448117187852607,0.002298824343444623,83.83986258320158,6.405394419568212,100,0.0,0.0
kalman_ssvi_inc,unif_300,0.04467738926375186,0.04799291879833109,0.041580571481397065,0.023055737650716706,0.0020947210166711665,82.339794265191,5.842639129441879,100,0.0,0.0
kalman_ssvi_inc,unif_5,0.0484201544166077,0.05355339368257231,0.0434674375791642,0.025891374497894228,0.002538313090399046,85.60929905721146,6.855203679130448,100,0.0,0.0
kalman_ssvi_inc,unif_50,0.04591433407455786,0.04965481800334684,0.042395002087062164,0.023897838836094174,0.002204745286098103,83.3160911687585,6.1444063682332395,100,0.0,0.0
kalman_ssvi_inc,unif_500,0.04456101859485166,0.047924248818774315,0.041415662588318525,0.022992981983247018,0.002086439578339569,82.22300299948598,5.829348279844533,100,0.0,0.0
kalman_ssvi_inc_nox,extrap_10,0.04126507644348832,0.04441364745547131,0.03831803038226062,0.023740884023272384,0.0036197563181061586,88.61854476130988,5.890218736941564,100,0.0,0.0
kalman_ssvi_inc_nox,extrap_100,0.03809676419240737,0.038762640306775606,0.03750824420510047,0.021265696699925927,0.003536689039915254,86.62496014782717,5.097176900820588,100,0.0,0.0
kalman_ssvi_inc_nox,extrap_2,0.046031143658283265,0.050046952836937435,0.04223059487378183,0.02671338644786213,0.003469212979771355,89.31148458290228,6.755473059835341,100,0.0,0.0
kalman_ssvi_inc_nox,extrap_20,0.04019637577188358,0.04247190299858762,0.038107764898155934,0.022869173566350928,0.003640215492117448,87.94870293377056,5.518902179027645,100,0.0,0.0
kalman_ssvi_inc_nox,extrap_300,0.03779242391757599,0.03794601260905672,0.037658384352313716,0.02094021058637664,0.00355661283865819,86.00424222313313,5.021474443609423,100,0.0,0.0
kalman_ssvi_inc_nox,extrap_5,0.04275400928587113,0.046251130748341245,0.03946255513061724,0.024702172737866644,0.0033948591815698577,88.7112620613821,6.15430992580751,100,0.0,0.0
kalman_ssvi_inc_nox,extrap_50,0.03891569201801431,0.04007648346251476,0.03787759886862561,0.02191296754245602,0.0035154590110922194,87.22290540232802,5.2395699181056115,100,0.0,0.0
kalman_ssvi_inc_nox,extrap_500,0.03779797066584818,0.037940246683416105,0.03767383878154608,0.020962356803276246,0.003547604739001148,86.04555835334075,5.047050488343245,100,0.0,0.0
kalman_ssvi_inc_nox,unif_10,0.04618146173935326,0.050621686083846755,0.041940836340489784,0.024491620666099143,0.0023784059770349296,84.8828508780491,6.3004306668242895,100,0.0,0.0
kalman_ssvi_inc_nox,unif_100,0.04546480010724121,0.04877142371379161,0.04238087676301787,0.023496526143955213,0.0021303777725674,82.85901114559545,5.892856919468199,100,0.0,0.0
kalman_ssvi_inc_nox,unif_2,0.04817509424492986,0.05345531017342238,0.04306148331071679,0.026688278346836545,0.0029287208609788218,87.69169708444757,6.77096242659849,100,0.0,0.0
kalman_ssvi_inc_nox,unif_20,0.04602189977044252,0.050044267639734866,0.04221452452175775,0.024150289008843515,0.002275898479751078,84.24619208421984,6.123692471979914,100,0.0,0.0
kalman_ssvi_inc_nox,unif_300,0.04502122937123463,0.04816405203908939,0.042098615539290556,0.023184248280052014,0.0020939982188531237,82.31767224271762,5.7959098494618,100,0.0,0.0
kalman_ssvi_inc_nox,unif_5,0.048048812430355525,0.052911702054216594,0.043380251572013064,0.02564606195016103,0.002499331412929605,85.36107695210582,6.635904432767253,100,0.0,0.0
kalman_ssvi_inc_nox,unif_50,0.04605790779455655,0.04955791619822345,0.04278293638042249,0.023877453631975316,0.0021821727016137216,83.29364382242522,6.010303463960021,100,0.0,0.0
kalman_ssvi_inc_nox,unif_500,0.0450151122150668,0.04812741675321954,0.042122806057564216,0.02316341683436392,0.002089036546677946,82.27472949321049,5.764486238450985,100,0.0,0.0
kalman_ssvi_nox,extrap_10,0.11113332643362987,0.09163060580950161,0.12565280353405062,0.07725257230588377,0.011623112488699126,96.43347452388853,28.42984917021551,100,0.0,0.0
kalman_ssvi_nox,extrap_100,0.08849237078304734,0.06805390477452615,0.10301753730235033,0.05509492159890064,0.00700128461172459,93.51043964266427,18.1372969217964,100,0.0,0.0
kalman_ssvi_nox,extrap_2,0.14509240429991554,0.12523649858737018,0.1603696896419204,0.11100063781681793,0.017793254975237125,97.85416382008289,35.59004974809118,100,0.0,0.003105847803881512
kalman_ssvi_nox,extrap_20,0.10109308644667883,0.08090486929852134,0.11581962901781434,0.0671855624587241,0.009684213785663403,95.21969120259219,24.403636831387722,100,0.0,0.0
kalman_ssvi_nox,extrap_300,0.08602666889055013,0.06562892103963366,0.10044913369122663,0.05324667918090191,0.006606136285433859,93.30808820180489,18.055494057162576,100,0.0,0.0
kalman_ssvi_nox,extrap_5,0.12255585370751293,0.10330878889767536,0.13711103173059952,0.08883561423919369,0.01381633307166604,97.25817050874146,31.144806479233512,100,0.0,0.0
kalman_ssvi_nox,extrap_50,0.09290959143711541,0.0723383712591948,0.10764571770814947,0.05894507005465118,0.007909990979494297,94.01339033007359,19.782533814703623,100,0.0,0.0
kalman_ssvi_nox,extrap_500,0.08600250432773268,0.06560189219707709,0.10042579907458175,0.05321963555000231,0.006600094270190511,93.31361870742325,18.05447203436938,100,0.0,0.0
kalman_ssvi_nox,unif_10,0.08788400923854799,0.07362112031808253,0.09862198354372426,0.05511873903008157,0.006103127507201058,92.98959614296032,19.424394372573257,100,0.0,0.0
kalman_ssvi_nox,unif_100,0.08044181673445133,0.06738842823566223,0.09026938077538108,0.049377793864248426,0.004900762301111313,91.6918792658091,20.37247926865605,100,0.0,0.0
kalman_ssvi_nox,unif_2,0.110030824575028,0.0953422745831295,0.12136495933121694,0.0760764669520164,0.011071481640700058,95.96435751790908,27.651316034434576,100,0.0,0.0
kalman_ssvi_nox,unif_20,0.0844612861817023,0.07051701266926605,0.0949344067054374,0.05238477260739411,0.005411633681565501,92.19645657251795,19.05102749496786,100,0.0,0.0
kalman_ssvi_nox,unif_300,0.07871541920773732,0.0656916599580574,0.08849420437664553,0.047657905149077535,0.004697341493032885,91.35679569010951,20.528495037152556,100,0.0,0.0
kalman_ssvi_nox,unif_5,0.09466523691396858,0.08002833125780241,0.10575702493634585,0.060961942525390556,0.007703706362581571,94.01794486411222,22.334697177608316,100,0.0,0.0
kalman_ssvi_nox,unif_50,0.08164137945103155,0.06847570796748233,0.09156198432695074,0.05045139259974817,0.005034564113740114,91.8184302473112,19.995344442516434,100,0.0,0.0
kalman_ssvi_nox,unif_500,0.07836519031923733,0.06529955374091427,0.08816481862027029,0.04712071088478994,0.004607532458801984,91.15346827767043,20.366625099078288,100,0.0,0.0
prior,extrap_10,0.027722220235294935,0.029984352326088926,0.02559354746274812,0.01313679509063781,0.00170278717289676,76.29625291978164,4.068042437070453,100,1.004349814534289,0.7443913467650735
prior,extrap_100,0.027722220235294935,0.029984352326088926,0.02559354746274812,0.01313679509063781,0.00170278717289676,76.29625291978164,4.068042437070453,100,1.004349814534289,0.7443913467650735
prior,extrap_2,0.027722220235294935,0.029984352326088926,0.02559354746274812,0.01313679509063781,0.00170278717289676,76.29625291978164,4.068042437070453,100,1.004349814534289,0.7443913467650735
prior,extrap_20,0.027722220235294935,0.029984352326088926,0.02559354746274812,0.01313679509063781,0.00170278717289676,76.29625291978164,4.068042437070453,100,1.004349814534289,0.7443913467650735
prior,extrap_300,0.027722220235294935,0.029984352326088926,0.02559354746274812,0.01313679509063781,0.00170278717289676,76.29625291978164,4.068042437070453,100,1.004349814534289,0.7443913467650735
prior,extrap_5,0.027722220235294935,0.029984352326088926,0.02559354746274812,0.01313679509063781,0.00170278717289676,76.29625291978164,4.068042437070453,100,1.004349814534289,0.7443913467650735
prior,extrap_50,0.027722220235294935,0.029984352326088926,0.02559354746274812,0.01313679509063781,0.00170278717289676,76.29625291978164,4.068042437070453,100,1.004349814534289,0.7443913467650735
prior,extrap_500,0.027722220235294935,0.029984352326088926,0.02559354746274812,0.01313679509063781,0.00170278717289676,76.29625291978164,4.068042437070453,100,1.004349814534289,0.7443913467650735
prior,unif_10,0.027722220235294935,0.029984352326088926,0.02559354746274812,0.01313679509063781,0.00170278717289676,76.29625291978164,4.068042437070453,100,1.004349814534289,0.7443913467650735
prior,unif_100,0.027722220235294935,0.029984352326088926,0.02559354746274812,0.01313679509063781,0.00170278717289676,76.29625291978164,4.068042437070453,100,1.004349814534289,0.7443913467650735
prior,unif_2,0.027722220235294935,0.029984352326088926,0.02559354746274812,0.01313679509063781,0.00170278717289676,76.29625291978164,4.068042437070453,100,1.004349814534289,0.7443913467650735
prior,unif_20,0.027722220235294935,0.029984352326088926,0.02559354746274812,0.01313679509063781,0.00170278717289676,76.29625291978164,4.068042437070453,100,1.004349814534289,0.7443913467650735
prior,unif_300,0.027722220235294935,0.029984352326088926,0.02559354746274812,0.01313679509063781,0.00170278717289676,76.29625291978164,4.068042437070453,100,1.004349814534289,0.7443913467650735
prior,unif_5,0.027722220235294935,0.029984352326088926,0.02559354746274812,0.01313679509063781,0.00170278717289676,76.29625291978164,4.068042437070453,100,1.004349814534289,0.7443913467650735
prior,unif_50,0.027722220235294935,0.029984352326088926,0.02559354746274812,0.01313679509063781,0.00170278717289676,76.29625291978164,4.068042437070453,100,1.004349814534289,0.7443913467650735
prior,unif_500,0.027722220235294935,0.029984352326088926,0.02559354746274812,0.01313679509063781,0.00170278717289676,76.29625291978164,4.068042437070453,100,1.004349814534289,0.7443913467650735
ssvi_data,extrap_10,0.05489662795745782,0.04553738214748655,0.06189400044277556,0.030473496945284097,0.006510001324265174,89.0580572960382,7.037195713168254,100,0.0,0.0
ssvi_data,extrap_100,0.04294380615555565,0.04101920880450928,0.04454954236782233,0.024801596100308448,0.005287506259854214,87.30944154906209,6.141786834510455,100,0.0,0.0
ssvi_data,extrap_2,0.06968610903750319,0.07239999262962733,0.06723769311567968,0.04731487304066391,0.007851423242249534,94.63996408424586,12.071852764850286,100,0.0,0.0
ssvi_data,extrap_20,0.045510679974191164,0.04091762461440124,0.04915637340255331,0.026649789383166388,0.00596764379258498,88.74411977123226,6.555865128337327,100,0.0,0.0
ssvi_data,extrap_300,0.04253973872031245,0.04085420384239062,0.04395265255151424,0.02441584632932911,0.005228250764800519,86.92881263297613,6.139323850968629,100,0.0,0.0
ssvi_data,extrap_5,0.06968610903750319,0.07239999262962733,0.06723769311567968,0.04731487304066391,0.007851423242249534,94.63996408424586,12.071852764850286,100,0.0,0.0
ssvi_data,extrap_50,0.04291658375330927,0.0409588310708876,0.04454879976926927,0.024691782555225226,0.005134258813094958,87.28113837325057,6.14498294448478,100,0.0,0.0
ssvi_data,extrap_500,0.04253973871755821,0.04085420384098588,0.04395265254766615,0.02441584632853442,0.005228250764488354,86.92881263297613,6.139323850928104,100,0.0,0.0
ssvi_data,unif_10,0.0450288255425872,0.04765266767516419,0.04261657207628342,0.024071464439173622,0.0028170635846147007,84.14046182975152,6.410934990819227,100,0.0,0.0
ssvi_data,unif_100,0.041303977617462295,0.04676859783169994,0.03588299514325997,0.021276974702423176,0.0019426039459005291,80.03910392796028,5.818620406044793,100,0.0,0.0
ssvi_data,unif_2,0.06968610903750319,0.07239999262962733,0.06723769311567968,0.04731487304066391,0.007851423242249534,94.63996408424586,12.071852764850286,100,0.0,0.0
ssvi_data,unif_20,0.042119028796410427,0.046210080416754146,0.03820792971834026,0.021923989207042263,0.0021382386522198057,81.51997813823661,5.909502338904959,100,0.0,0.0
ssvi_data,unif_300,0.04130615983374039,0.046622172174477124,0.036052950857370654,0.021243974763754947,0.0019243747675363012,79.90799841241956,5.775364620430129,100,0.0,0.0
ssvi_data,unif_5,0.06968610903750319,0.07239999262962733,0.06723769311567968,0.04731487304066391,0.007851423242249534,94.63996408424586,12.071852764850286,100,0.0,0.0
ssvi_data,unif_50,0.041379962915535536,0.046416229480359596,0.03644010914908409,0.021309925845241,0.001963034952921023,80.30359222606104,5.738814242887659,100,0.0,0.0
ssvi_data,unif_500,0.04151577477146276,0.04680079033873522,0.036300987271850556,0.021332877650946495,0.0019229239067504768,79.84130702113954,5.781279431762044,100,0.0,0.0
ssvi_temporal,extrap_10,0.05382088295132326,0.056275513055061115,0.051592002430699564,0.032295755743269365,0.003815993823216165,90.88247350237161,7.962707083201346,100,0.0,0.0
ssvi_temporal,extrap_100,0.05381134931465364,0.0561555650679529,0.05168695329981167,0.032240445015555605,0.0038446563582590094,90.93810388241495,7.813008034218375,100,0.0,0.0
ssvi_temporal,extrap_2,0.05402697761997282,0.056468239612496904,0.05181114436559095,0.03235402369722711,0.0038946201341696395,90.9065474680044,7.871718045320209,100,0.0,0.0
ssvi_temporal,extrap_20,0.053791498425464726,0.0561789707437741,0.051626177278601644,0.03225220739593808,0.003854247002712475,90.94233309259367,7.8379754473231875,100,0.0,0.0
ssvi_temporal,extrap_300,0.05378907230591815,0.0561527513793796,0.05164624753516461,0.03222823507998873,0.0038458631339719604,90.89516113290782,7.83306681658295,100,0.0,0.0
ssvi_temporal,extrap_5,0.05386401259274448,0.056284808499929145,0.05166727530172721,0.03238653751181769,0.003835395877877491,91.03049585862726,7.945703621421652,100,0.0,0.0
ssvi_temporal,extrap_50,0.05379620770470028,0.056165938789901934,0.051647673751862244,0.03223852723425706,0.0038444613729621277,90.91598185994157,7.841841460728922,100,0.0,0.0
ssvi_temporal,extrap_500,0.053789072306929225,0.05615275137895367,0.05164624753753575,0.03222823507937192,0.003845863133382383,90.89516113290782,7.83306681600377,100,0.0,0.0
ssvi_temporal,unif_10,0.051193099402393395,0.05431069450063333,0.048319467140771344,0.02899508835715159,0.002820924559704758,87.87908362775143,7.379404039013844,100,0.0,0.0
ssvi_temporal,unif_100,0.050952404266560634,0.05410349631397185,0.04804518180263243,0.028772139455002572,0.0027394651676918968,87.67900945391136,7.351083793321524,100,0.0,0.0
ssvi_temporal,unif_2,0.051251207170952065,0.05437918783733997,0.04836762146404909,0.02916695008482591,0.0028644415957536523,88.07330197211324,7.439598920526628,100,0.0,0.0
ssvi_temporal,unif_20,0.05096351707111778,0.054110582964784625,0.048060274695288896,0.028823161564183568,0.0027563348648587806,87.67510556759254,7.34574598112845,100,0.0,0.0
ssvi_temporal,unif_300,0.05092842479876141,0.05409107013950196,0.04800980438177805,0.028770689161883346,0.0027384590695535187,87.62825893176657,7.366495493140583,100,0.0,0.0
ssvi_temporal,unif_5,0.05094522022091839,0.05422930852169122,0.04790742542050164,0.02894084603980378,0.002821766309399209,87.9145439284808,7.476086617112085,100,0.0,0.0
ssvi_temporal,unif_50,0.05093765245815038,0.05409218733889759,0.048027007513749,0.02878714532841435,0.002747005668984179,87.6708763574138,7.3626086595062,100,0.0,0.0
ssvi_temporal,unif_500,0.05094238218539643,0.05410438359744873,0.048024441604593134,0.028778221563578454,0.0027404557080594706,87.65916469845732,7.369245345811255,100,0.0,0.0
